time_s,sonde HT_V,I_A
-0.014,0,-0.2
-0.013986,0,0.2
-0.013972,0,0
-0.013958,0,-0
-0.013944,0,0
-0.01393,0,0.2
-0.013916,-0,-0
-0.013902,-0,-0
-0.013888,-0,-0.2
-0.013874,-0,-0
-0.01386,-0,0
-0.013846,0,-0
-0.013832,-0,-0.2
-0.013818,0,0
-0.013804,-0,0
-0.01379,-0,-0.2
-0.013776,-0,0
-0.013762,0,-0
-0.013748,0,-0
-0.013734,0,0
-0.01372,-0,-0.2
-0.013706,0,-0
-0.013692,-0,0
-0.013678,0,-0
-0.013664,-0,0
-0.01365,-0,-0
-0.013636,-0,0
-0.013622,-0,-0
-0.013608,0,0.2
-0.013594,0,0
-0.01358,0,-0
-0.013566,-0,-0
-0.013552,-0,-0
-0.013538,-0,0.2
-0.013524,-0,-0
-0.01351,-0,-0.2
-0.013496,-0,0
-0.013482,0,0.2
-0.013468,-0,0
-0.013454,0,-0.2
-0.01344,-0,-0
-0.013426,-0,-0
-0.013412,-0,0
-0.013398,-8,-0
-0.013384,-0,0
-0.01337,-8,0
-0.013356,-0,0
-0.013342,-0,-0.2
-0.013328,0,-0.2
-0.013314,0,0
-0.0133,-0,0
-0.013286,24,7.4
-0.013272,48,7.4
-0.013258,64,7.2
-0.013244,80,7.4
-0.01323,96,7.4
-0.013216,120,7.2
-0.013202,128,7.2
-0.013188,136,7.2
-0.013174,152,7.2
-0.01316,160,7.2
-0.013146,168,7.2
-0.013132,176,7.2
-0.013118,192,7
-0.013104,192,7.2
-0.01309,200,7.2
-0.013076,216,7
-0.013062,216,7
-0.013048,216,7
-0.013034,224,7.2
-0.01302,232,7
-0.013006,232,7
-0.012992,240,6.8
-0.012978,240,7
-0.012964,240,7
-0.01295,248,6.8
-0.012936,240,6.8
-0.012922,248,7
-0.012908,248,6.8
-0.012894,248,6.8
-0.01288,256,7
-0.012866,256,6.8
-0.012852,256,6.8
-0.012838,256,7
-0.012824,264,6.6
-0.01281,256,6.8
-0.012796,256,6.6
-0.012782,264,6.6
-0.012768,264,6.8
-0.012754,264,6.6
-0.01274,264,6.6
-0.012726,264,6.6
-0.012712,264,6.8
-0.012698,264,6.4
-0.012684,264,6.8
-0.01267,264,6.4
-0.012656,264,6.6
-0.012642,272,6.6
-0.012628,264,6.6
-0.012614,272,6.6
-0.0126,264,6.4
-0.012586,264,6.4
-0.012572,264,6.4
-0.012558,264,6.4
-0.012544,264,6.6
-0.01253,272,6.2
-0.012516,264,6.4
-0.012502,264,6.2
-0.012488,272,6.2
-0.012474,272,6.2
-0.01246,264,6.2
-0.012446,264,6
-0.012432,272,6.2
-0.012418,264,6.2
-0.012404,272,6
-0.01239,272,6.2
-0.012376,272,6
-0.012362,272,6
-0.012348,272,6
-0.012334,272,6.2
-0.01232,272,6.2
-0.012306,272,6
-0.012292,272,6
-0.012278,272,6.2
-0.012264,272,5.8
-0.01225,272,6
-0.012236,272,5.8
-0.012222,272,5.8
-0.012208,272,5.8
-0.012194,272,5.8
-0.01218,264,5.8
-0.012166,272,5.8
-0.012152,272,5.8
-0.012138,272,5.8
-0.012124,272,5.8
-0.01211,272,5.8
-0.012096,272,5.6
-0.012082,264,5.6
-0.012068,272,5.8
-0.012054,272,5.6
-0.01204,272,5.6
-0.012026,272,5.4
-0.012012,272,5.6
-0.011998,272,5.8
-0.011984,264,5.6
-0.01197,264,5.4
-0.011956,264,5.6
-0.011942,272,5.4
-0.011928,272,5.4
-0.011914,272,5.4
-0.0119,272,5.6
-0.011886,272,5.2
-0.011872,272,5.4
-0.011858,272,5.4
-0.011844,272,5.2
-0.01183,272,5.4
-0.011816,272,5.2
-0.011802,272,5.2
-0.011788,272,5.4
-0.011774,272,5.2
-0.01176,272,5.2
-0.011746,272,5.2
-0.011732,272,5.2
-0.011718,264,5.2
-0.011704,272,5.2
-0.01169,272,5
-0.011676,272,5
-0.011662,264,5
-0.011648,272,5.2
-0.011634,272,5
-0.01162,272,5
-0.011606,272,4.8
-0.011592,272,5.2
-0.011578,272,5
-0.011564,272,5
-0.01155,272,4.8
-0.011536,264,4.8
-0.011522,272,4.8
-0.011508,272,5
-0.011494,272,4.8
-0.01148,272,4.8
-0.011466,272,4.8
-0.011452,272,4.6
-0.011438,264,4.8
-0.011424,272,4.8
-0.01141,272,4.6
-0.011396,272,4.6
-0.011382,264,4.6
-0.011368,272,4.8
-0.011354,264,4.6
-0.01134,272,4.8
-0.011326,272,4.8
-0.011312,264,4.6
-0.011298,272,4.4
-0.011284,272,4.4
-0.01127,272,4.4
-0.011256,272,4.6
-0.011242,272,4.6
-0.011228,-64,-12
-0.011214,-64,-12
-0.0112,-64,-12
-0.011186,0,0
-0.011172,0,0.2
-0.011158,0,-0
-0.011144,-0,-0
-0.01113,-0,0.2
-0.011116,-0,0
-0.011102,-0,0
-0.011088,-0,-0
-0.011074,-0,0
-0.01106,-0,-0
-0.011046,-0,-0
-0.011032,-0,0.2
-0.011018,-0,-0.2
-0.011004,0,0
-0.01099,-0,-0
-0.010976,0,-0
-0.010962,0,0
-0.010948,0,-0
-0.010934,-0,-0
-0.01092,-0,-0
-0.010906,0,0
-0.010892,0,0.2
-0.010878,8,-0
-0.010864,0,-0
-0.01085,0,0
-0.010836,-0,0
-0.010822,-0,-0
-0.010808,0,0
-0.010794,0,-0.2
-0.01078,0,-0
-0.010766,-0,-0
-0.010752,-0,0
-0.010738,-0,0
-0.010724,-0,-0
-0.01071,-0,0
-0.010696,-0,-0.2
-0.010682,-0,0
-0.010668,-0,-0
-0.010654,0,0.2
-0.01064,0,0
-0.010626,-0,-0
-0.010612,0,0
-0.010598,-0,-0
-0.010584,-0,-0
-0.01057,8,0.2
-0.010556,-0,-0
-0.010542,0,-0
-0.010528,-0,0
-0.010514,0,-0.2
-0.0105,0,-0
-0.010486,-0,0
-0.010472,0,0
-0.010458,-0,-0.2
-0.010444,-0,0
-0.01043,0,0
-0.010416,0,0
-0.010402,0,0.2
-0.010388,-0,-0
-0.010374,8,0.2
-0.01036,0,0
-0.010346,-0,0
-0.010332,-0,-0
-0.010318,-0,-0.2
-0.010304,0,0.2
-0.01029,-0,0
-0.010276,0,0.2
-0.010262,0,0
-0.010248,-0,0.2
-0.010234,0,0.2
-0.01022,0,0
-0.010206,0,0.2
-0.010192,0,-0
-0.010178,-0,0.2
-0.010164,-0,-0
-0.01015,0,-0
-0.010136,-0,-0
-0.010122,0,0.2
-0.010108,8,-0
-0.010094,0,-0
-0.01008,-0,0
-0.010066,-0,-0
-0.010052,-0,-0
-0.010038,0,0
-0.010024,-0,0
-0.01001,0,-0
-0.009996,-0,0
-0.009982,0,-0
-0.009968,0,-0
-0.009954,-0,0
-0.00994,-0,-0
-0.009926,-0,-0.2
-0.009912,0,-0
-0.009898,0,0
-0.009884,-0,0
-0.00987,0,-0.2
-0.009856,0,-0.2
-0.009842,8,-0.2
-0.009828,0,0
-0.009814,0,0
-0.0098,0,-0.2
-0.009786,0,0
-0.009772,0,-0
-0.009758,0,-0
-0.009744,-0,-0.2
-0.00973,0,0
-0.009716,0,-0
-0.009702,-0,0
-0.009688,0,0
-0.009674,0,0
-0.00966,0,0
-0.009646,0,0.2
-0.009632,-0,-0.2
-0.009618,-0,-0
-0.009604,0,0
-0.00959,-0,-0.2
-0.009576,0,-0
-0.009562,0,-0
-0.009548,0,-0
-0.009534,-0,0
-0.00952,-0,-0
-0.009506,0,0
-0.009492,0,0
-0.009478,-0,0
-0.009464,-0,-0
-0.00945,-0,-0
-0.009436,-0,0
-0.009422,0,-0.2
-0.009408,-0,-0
-0.009394,-0,-0
-0.00938,0,0.2
-0.009366,-0,0
-0.009352,-0,0
-0.009338,0,-0.2
-0.009324,0,0
-0.00931,0,0
-0.009296,-8,0.2
-0.009282,-0,-0
-0.009268,0,0
-0.009254,0,-0
-0.00924,0,0
-0.009226,-0,-0
-0.009212,-0,0.2
-0.009198,-0,-0
-0.009184,0,0
-0.00917,-0,0
-0.009156,0,-0
-0.009142,-0,-0
-0.009128,-0,0
-0.009114,-0,-0
-0.0091,0,-0.2
-0.009086,0,0
-0.009072,-0,0
-0.009058,-0,-0
-0.009044,0,-0
-0.00903,0,0
-0.009016,0,-0.2
-0.009002,0,-0
-0.008988,-0,0
-0.008974,-0,0
-0.00896,0,0
-0.008946,0,-0
-0.008932,-0,-0
-0.008918,-0,0
-0.008904,0,-0
-0.00889,0,-0
-0.008876,-0,0.2
-0.008862,0,0.2
-0.008848,0,0.2
-0.008834,0,0.2
-0.00882,0,-0.2
-0.008806,0,-0
-0.008792,0,-0
-0.008778,0,-0
-0.008764,8,-0
-0.00875,0,0
-0.008736,0,0
-0.008722,0,0
-0.008708,-0,-0
-0.008694,-0,-0.2
-0.00868,-0,-0.2
-0.008666,-0,0
-0.008652,0,-0
-0.008638,-0,-0.2
-0.008624,0,0
-0.00861,-0,0
-0.008596,-0,-0
-0.008582,0,0
-0.008568,-0,0
-0.008554,0,-0
-0.00854,0,0
-0.008526,0,-0
-0.008512,-0,0
-0.008498,0,0
-0.008484,0,0
-0.00847,0,-0
-0.008456,-0,-0
-0.008442,0,-0.2
-0.008428,0,0
-0.008414,-0,-0.2
-0.0084,0,0.2
-0.008386,-0,-0
-0.008372,-0,0
-0.008358,0,-0
-0.008344,-0,0
-0.00833,-0,-0.2
-0.008316,0,0
-0.008302,0,-0
-0.008288,-0,0
-0.008274,0,-0
-0.00826,-0,-0
-0.008246,-0,0.2
-0.008232,-0,0
-0.008218,-0,-0
-0.008204,0,0
-0.00819,0,0.2
-0.008176,-0,-0
-0.008162,-0,0.2
-0.008148,0,0
-0.008134,0,0.2
-0.00812,0,0
-0.008106,-0,-0
-0.008092,0,-0
-0.008078,0,-0
-0.008064,0,-0.2
-0.00805,-0,0
-0.008036,0,-0
-0.008022,0,0.2
-0.008008,-0,-0
-0.007994,0,-0
-0.00798,-0,0
-0.007966,0,-0.2
-0.007952,0,0.2
-0.007938,-0,0
-0.007924,-0,-0
-0.00791,-0,-0
-0.007896,-0,-0
-0.007882,0,-0
-0.007868,-0,-0
-0.007854,0,-0.2
-0.00784,0,0.2
-0.007826,-0,-0
-0.007812,-0,0
-0.007798,-0,-0
-0.007784,-0,0.2
-0.00777,0,0
-0.007756,-0,-0
-0.007742,-0,0
-0.007728,-0,0
-0.007714,-0,-0
-0.0077,-0,-0
-0.007686,0,-0
-0.007672,-0,0
-0.007658,-0,-0.2
-0.007644,0,0
-0.00763,0,-0.2
-0.007616,-0,-0.2
-0.007602,-0,-0
-0.007588,-0,-0
-0.007574,0,-0
-0.00756,0,0
-0.007546,0,-0.2
-0.007532,-0,-0
-0.007518,-0,0.2
-0.007504,0,0
-0.00749,0,0
-0.007476,-0,0
-0.007462,-0,0
-0.007448,-0,-0.2
-0.007434,0,-0.2
-0.00742,-0,-0
-0.007406,-0,0
-0.007392,8,-0
-0.007378,-8,0
-0.007364,-0,0
-0.00735,-0,0
-0.007336,0,0
-0.007322,0,0.2
-0.007308,0,0.2
-0.007294,0,-0
-0.00728,-0,-0
-0.007266,-8,-0
-0.007252,-0,-0
-0.007238,0,-0.2
-0.007224,-0,0.2
-0.00721,0,0.2
-0.007196,0,0
-0.007182,0,-0
-0.007168,-0,0.2
-0.007154,-0,0
-0.00714,-0,-0.2
-0.007126,0,-0
-0.007112,0,0
-0.007098,-0,-0.2
-0.007084,-0,0
-0.00707,0,-0.2
-0.007056,0,0
-0.007042,-0,-0
-0.007028,-0,-0
-0.007014,0,0
-0.007,0,0
-0.006986,-0,0
-0.006972,-0,-0
-0.006958,-0,-0
-0.006944,-0,0
-0.00693,0,-0
-0.006916,0,-0
-0.006902,8,0.2
-0.006888,-0,0
-0.006874,0,0
-0.00686,0,-0
-0.006846,-0,-0
-0.006832,0,-0
-0.006818,-0,0
-0.006804,0,0
-0.00679,0,0
-0.006776,-0,0
-0.006762,-0,-0
-0.006748,-0,0
-0.006734,-0,-0
-0.00672,8,-0
-0.006706,-0,0.2
-0.006692,0,0
-0.006678,-0,-0
-0.006664,-8,-0
-0.00665,0,-0
-0.006636,8,-0
-0.006622,24,7.4
-0.006608,40,7.4
-0.006594,64,7.4
-0.00658,80,7.4
-0.006566,96,7.2
-0.006552,112,7.2
-0.006538,120,7.4
-0.006524,144,7.4
-0.00651,152,7.4
-0.006496,160,7.2
-0.006482,168,7.2
-0.006468,176,7.2
-0.006454,192,7.4
-0.00644,200,7.2
-0.006426,200,7.2
-0.006412,208,7
-0.006398,208,7
-0.006384,216,7
-0.00637,224,7
-0.006356,232,7.2
-0.006342,232,7
-0.006328,240,7
-0.006314,240,7
-0.0063,240,7
-0.006286,240,6.8
-0.006272,240,6.8
-0.006258,248,6.8
-0.006244,248,6.8
-0.00623,248,6.8
-0.006216,256,6.8
-0.006202,256,7
-0.006188,256,6.8
-0.006174,256,6.6
-0.00616,264,6.8
-0.006146,256,6.8
-0.006132,256,6.6
-0.006118,264,6.8
-0.006104,264,6.6
-0.00609,264,6.6
-0.006076,264,6.8
-0.006062,256,6.6
-0.006048,264,6.6
-0.006034,264,6.4
-0.00602,264,6.6
-0.006006,264,6.6
-0.005992,272,6.4
-0.005978,264,6.6
-0.005964,264,6.2
-0.00595,272,6.4
-0.005936,264,6.6
-0.005922,264,6.4
-0.005908,264,6.2
-0.005894,264,6.2
-0.00588,264,6.6
-0.005866,272,6.4
-0.005852,272,6.4
-0.005838,272,6.4
-0.005824,272,6.2
-0.00581,272,6.2
-0.005796,264,6.2
-0.005782,272,6.2
-0.005768,264,6.2
-0.005754,272,6.2
-0.00574,272,6.2
-0.005726,272,6
-0.005712,264,6
-0.005698,272,6.2
-0.005684,272,6
-0.00567,272,6.2
-0.005656,272,6
-0.005642,272,6
-0.005628,264,6
-0.005614,264,6
-0.0056,264,5.8
-0.005586,272,6
-0.005572,272,6
-0.005558,264,6
-0.005544,272,5.8
-0.00553,272,5.8
-0.005516,272,5.8
-0.005502,272,5.6
-0.005488,264,5.8
-0.005474,272,5.6
-0.00546,272,5.6
-0.005446,272,5.8
-0.005432,272,5.6
-0.005418,264,5.8
-0.005404,272,5.6
-0.00539,272,5.6
-0.005376,272,5.6
-0.005362,264,5.6
-0.005348,272,5.6
-0.005334,272,5.8
-0.00532,272,5.6
-0.005306,272,5.6
-0.005292,272,5.6
-0.005278,272,5.4
-0.005264,272,5.4
-0.00525,272,5.4
-0.005236,264,5.4
-0.005222,272,5.4
-0.005208,272,5.4
-0.005194,272,5.4
-0.00518,272,5.4
-0.005166,272,5.4
-0.005152,272,5.4
-0.005138,272,5.2
-0.005124,272,5.2
-0.00511,272,5.4
-0.005096,272,5.2
-0.005082,272,5.2
-0.005068,272,5.2
-0.005054,264,5.2
-0.00504,272,5
-0.005026,272,5
-0.005012,272,5
-0.004998,272,5
-0.004984,264,5
-0.00497,272,5
-0.004956,272,5
-0.004942,272,5
-0.004928,272,5
-0.004914,272,5
-0.0049,272,5
-0.004886,272,5
-0.004872,264,5
-0.004858,272,4.8
-0.004844,272,5
-0.00483,272,5
-0.004816,272,5
-0.004802,272,4.8
-0.004788,264,4.6
-0.004774,272,4.6
-0.00476,272,4.8
-0.004746,272,4.8
-0.004732,272,4.6
-0.004718,272,4.8
-0.004704,264,4.6
-0.00469,272,4.8
-0.004676,272,4.6
-0.004662,272,4.6
-0.004648,272,4.6
-0.004634,264,4.6
-0.00462,272,4.6
-0.004606,264,4.6
-0.004592,264,4.4
-0.004578,272,4.6
-0.004564,272,4.4
-0.00455,-64,-12
-0.004536,-64,-12
-0.004522,-64,-12
-0.004508,-0,-0
-0.004494,-0,-0
-0.00448,0,0
-0.004466,-0,0.2
-0.004452,0,-0
-0.004438,-0,0
-0.004424,0,0.2
-0.00441,-0,0
-0.004396,0,-0.2
-0.004382,-0,-0
-0.004368,-0,-0
-0.004354,-0,-0
-0.00434,0,0
-0.004326,0,-0
-0.004312,-0,-0
-0.004298,-0,0
-0.004284,-0,0
-0.00427,0,-0
-0.004256,0,-0
-0.004242,-0,-0.2
-0.004228,-0,0.2
-0.004214,-0,0.2
-0.0042,-0,0
-0.004186,-0,-0
-0.004172,-0,-0
-0.004158,0,0
-0.004144,-0,0
-0.00413,0,-0.2
-0.004116,-0,0.2
-0.004102,-0,0
-0.004088,0,0
-0.004074,-0,-0
-0.00406,0,-0
-0.004046,-0,-0
-0.004032,-0,-0
-0.004018,-0,-0
-0.004004,0,-0
-0.00399,0,-0.2
-0.003976,-0,0
-0.003962,0,0
-0.003948,0,0.2
-0.003934,0,-0
-0.00392,-0,-0
-0.003906,-0,0
-0.003892,-0,-0
-0.003878,0,-0
-0.003864,0,-0
-0.00385,-0,0
-0.003836,-0,0.2
-0.003822,0,-0
-0.003808,-0,0
-0.003794,-0,0
-0.00378,0,-0.2
-0.003766,-0,-0
-0.003752,-0,-0.2
-0.003738,0,0.2
-0.003724,-0,0
-0.00371,0,0
-0.003696,0,-0
-0.003682,0,-0.2
-0.003668,0,0
-0.003654,0,0.2
-0.00364,-0,0
-0.003626,0,-0
-0.003612,-0,0
-0.003598,0,-0
-0.003584,-0,0
-0.00357,-0,0
-0.003556,-0,0
-0.003542,8,-0
-0.003528,8,-0
-0.003514,0,0.2
-0.0035,0,-0
-0.003486,-0,-0
-0.003472,-0,-0
-0.003458,0,0
-0.003444,-0,0
-0.00343,-0,0.2
-0.003416,-0,0.2
-0.003402,0,0
-0.003388,0,0
-0.003374,0,-0
-0.00336,-0,-0
-0.003346,0,0.2
-0.003332,0,0
-0.003318,0,-0.2
-0.003304,-0,0
-0.00329,-0,-0
-0.003276,0,0
-0.003262,0,0.2
-0.003248,-0,-0.2
-0.003234,-0,0
-0.00322,-0,0
-0.003206,-0,-0
-0.003192,-0,-0
-0.003178,-0,-0
-0.003164,-0,-0
-0.00315,-0,0
-0.003136,-0,0
-0.003122,0,-0.2
-0.003108,8,-0
-0.003094,0,-0
-0.00308,-0,-0
-0.003066,-0,0
-0.003052,0,0
-0.003038,0,-0
-0.003024,0,-0
-0.00301,-0,-0
-0.002996,0,-0
-0.002982,-0,-0
-0.002968,8,-0
-0.002954,-0,0
-0.00294,-0,0
-0.002926,-0,-0
-0.002912,-8,0.2
-0.002898,-0,-0
-0.002884,0,0
-0.00287,0,0.2
-0.002856,-0,0.2
-0.002842,-0,-0
-0.002828,-0,-0
-0.002814,0,-0
-0.0028,-0,0.2
-0.002786,0,-0
-0.002772,-8,0.2
-0.002758,-0,-0
-0.002744,-0,-0
-0.00273,0,-0
-0.002716,-0,-0
-0.002702,-0,-0.2
-0.002688,0,0.2
-0.002674,0,-0
-0.00266,-0,0.2
-0.002646,-0,-0
-0.002632,0,-0
-0.002618,-0,-0
-0.002604,0,-0
-0.00259,0,0
-0.002576,0,0
-0.002562,-0,0
-0.002548,-0,0
-0.002534,-0,-0.2
-0.00252,-0,-0
-0.002506,-0,0
-0.002492,-0,0.2
-0.002478,0,0
-0.002464,0,-0.2
-0.00245,0,0
-0.002436,-0,-0.2
-0.002422,0,0
-0.002408,0,0
-0.002394,0,-0
-0.00238,0,-0.2
-0.002366,-0,0
-0.002352,-0,-0.2
-0.002338,-0,0
-0.002324,-0,0
-0.00231,-0,-0
-0.002296,0,-0.2
-0.002282,-0,0
-0.002268,0,-0
-0.002254,-0,-0
-0.00224,-0,0
-0.002226,-0,-0
-0.002212,-0,0
-0.002198,0,0.2
-0.002184,0,-0
-0.00217,-0,0.2
-0.002156,0,-0
-0.002142,0,0
-0.002128,0,-0
-0.002114,-0,0.2
-0.0021,-0,-0
-0.002086,0,0.2
-0.002072,0,0
-0.002058,-0,0
-0.002044,0,-0
-0.00203,0,-0.2
-0.002016,-0,0
-0.002002,-0,-0
-0.001988,-0,-0
-0.001974,-0,-0
-0.00196,0,0.2
-0.001946,-0,-0.2
-0.001932,0,-0
-0.001918,-0,0.2
-0.001904,-0,-0.2
-0.00189,-0,-0
-0.001876,-0,0
-0.001862,0,0
-0.001848,-0,-0.2
-0.001834,-0,0
-0.00182,-0,-0
-0.001806,0,0
-0.001792,0,0.2
-0.001778,-0,-0
-0.001764,8,0
-0.00175,0,0.2
-0.001736,0,-0
-0.001722,-0,0
-0.001708,-0,0.2
-0.001694,-0,-0
-0.00168,0,0
-0.001666,0,-0
-0.001652,0,0
-0.001638,-0,0.2
-0.001624,0,0
-0.00161,0,-0
-0.001596,-0,0
-0.001582,-0,0
-0.001568,-0,0.2
-0.001554,0,0
-0.00154,-0,-0
-0.001526,0,-0
-0.001512,-0,-0.2
-0.001498,-0,-0.2
-0.001484,-0,0
-0.00147,-0,0
-0.001456,-0,-0
-0.001442,0,-0
-0.001428,-0,0
-0.001414,0,0
-0.0014,0,0
-0.001386,-0,0
-0.001372,-0,0
-0.001358,0,-0.2
-0.001344,-0,0
-0.00133,-0,-0.2
-0.001316,-0,0
-0.001302,0,-0
-0.001288,-0,0
-0.001274,0,-0
-0.00126,-0,-0.2
-0.001246,-0,0
-0.001232,-0,0
-0.001218,-0,0
-0.001204,0,-0
-0.00119,0,-0
-0.001176,-0,-0
-0.001162,-0,0
-0.001148,0,-0
-0.001134,0,0
-0.00112,-0,-0
-0.001106,0,0
-0.001092,-8,0
-0.001078,-0,0
-0.001064,0,0.2
-0.00105,-0,0
-0.001036,0,0.2
-0.001022,0,-0.2
-0.001008,0,-0.2
-0.000994,0,-0
-0.00098,-0,0
-0.000966,-0,0
-0.000952,-0,0.2
-0.000938,-0,0
-0.000924,-0,-0
-0.00091,-0,-0
-0.000896,0,0.2
-0.000882,0,0
-0.000868,0,-0
-0.000854,0,-0
-0.00084,0,-0
-0.000826,0,-0.2
-0.000812,-0,0
-0.000798,0,0
-0.000784,-0,0
-0.00077,-0,-0
-0.000756,-0,0
-0.000742,-0,-0
-0.000728,-0,0
-0.000714,-0,-0
-0.0007,0,-0
-0.000686,0,-0
-0.000672,-0,-0
-0.000658,0,-0.2
-0.000644,-0,0.2
-0.00063,-0,0
-0.000616,-0,-0
-0.000602,-0,-0
-0.000588,-0,0
-0.000574,0,0
-0.00056,0,-0
-0.000546,0,-0.2
-0.000532,-0,0.2
-0.000518,-0,0
-0.000504,-0,0
-0.00049,-0,-0.2
-0.000476,0,-0
-0.000462,0,0.2
-0.000448,-0,0
-0.000434,0,-0
-0.00042,0,0
-0.000406,-0,-0
-0.000392,-0,0
-0.000378,-0,-0.2
-0.000364,0,0
-0.00035,0,0
-0.000336,0,-0
-0.000322,-0,-0
-0.000308,0,0.2
-0.000294,0,0
-0.00028,-0,0
-0.000266,-0,-0
-0.000252,-0,-0.2
-0.000238,0,-0.2
-0.000224,-0,-0.2
-0.00021,-0,-0
-0.000196,0,-0
-0.000182,-0,-0.2
-0.000168,-0,-0
-0.000154,-0,0
-0.00014,-8,-0
-0.000126,-0,-0
-0.000112,0,0
-9.8e-05,-0,0
-8.4e-05,0,-0
-7e-05,-0,-0.2
-5.6e-05,0,0
-4.2e-05,-0,-0
-2.8e-05,0,-0
-1.4e-05,0,-0
0,-0,-0
1.4e-05,-0,-0
2.8e-05,-0,-0
4.2e-05,16,7.4
5.6e-05,40,7.2
7e-05,64,7.4
8.4e-05,72,7.4
9.8e-05,96,7.4
0.000112,112,7.4
0.000126,120,7.2
0.00014,136,7.2
0.000154,152,7.2
0.000168,160,7.2
0.000182,168,7.2
0.000196,176,7.4
0.00021,184,7.2
0.000224,192,7
0.000238,200,7.2
0.000252,208,7
0.000266,208,7.2
0.00028,216,7
0.000294,224,7
0.000308,232,7
0.000322,232,7
0.000336,232,7
0.00035,240,7
0.000364,240,7
0.000378,240,6.8
0.000392,240,7
0.000406,248,6.8
0.00042,248,6.8
0.000434,248,6.8
0.000448,256,7
0.000462,256,6.8
0.000476,256,6.6
0.00049,256,6.8
0.000504,256,6.8
0.000518,256,6.8
0.000532,264,6.6
0.000546,264,6.8
0.00056,264,6.6
0.000574,264,6.6
0.000588,264,6.6
0.000602,264,6.6
0.000616,264,6.6
0.00063,264,6.6
0.000644,264,6.6
0.000658,264,6.6
0.000672,264,6.6
0.000686,272,6.4
0.0007,264,6.4
0.000714,272,6.4
0.000728,272,6.6
0.000742,264,6.4
0.000756,264,6.4
0.00077,264,6.4
0.000784,264,6.4
0.000798,272,6.4
0.000812,264,6.4
0.000826,272,6.2
0.00084,272,6.2
0.000854,272,6.2
0.000868,272,6.2
0.000882,272,6.2
0.000896,272,6.2
0.00091,272,6.4
0.000924,272,6
0.000938,272,6.2
0.000952,272,6
0.000966,272,6
0.00098,272,6
0.000994,272,6.2
0.001008,272,6.2
0.001022,272,6
0.001036,264,6
0.00105,272,6
0.001064,272,6
0.001078,272,6
0.001092,272,6
0.001106,272,6
0.00112,272,5.8
0.001134,272,5.8
0.001148,264,5.8
0.001162,272,5.8
0.001176,272,5.8
0.00119,272,5.8
0.001204,272,5.8
0.001218,272,5.8
0.001232,272,5.8
0.001246,272,5.8
0.00126,272,5.6
0.001274,264,5.6
0.001288,272,5.6
0.001302,272,5.8
0.001316,264,5.6
0.00133,272,5.4
0.001344,272,5.8
0.001358,264,5.6
0.001372,272,5.6
0.001386,272,5.4
0.0014,272,5.6
0.001414,272,5.4
0.001428,272,5.4
0.001442,272,5.4
0.001456,272,5.4
0.00147,272,5.4
0.001484,272,5.4
0.001498,272,5.2
0.001512,264,5.4
0.001526,272,5.4
0.00154,272,5.2
0.001554,272,5.4
0.001568,272,5.2
0.001582,272,5.2
0.001596,264,5
0.00161,272,5.2
0.001624,272,5.2
0.001638,272,5
0.001652,272,5.2
0.001666,272,5
0.00168,272,5
0.001694,272,5
0.001708,272,5.2
0.001722,272,5
0.001736,272,5
0.00175,272,5
0.001764,264,4.8
0.001778,264,4.8
0.001792,272,4.8
0.001806,264,5
0.00182,272,4.8
0.001834,272,4.8
0.001848,264,4.8
0.001862,272,4.8
0.001876,272,4.8
0.00189,264,4.8
0.001904,272,4.8
0.001918,272,4.8
0.001932,272,4.8
0.001946,264,4.6
0.00196,272,4.6
0.001974,272,4.6
0.001988,264,4.6
0.002002,272,4.6
0.002016,272,4.4
0.00203,272,4.6
0.002044,272,4.6
0.002058,272,4.6
0.002072,272,4.6
0.002086,272,4.4
0.0021,272,4.4
0.002114,-64,-12
0.002128,-64,-12
0.002142,-64,-12
0.002156,0,0
0.00217,0,0
0.002184,-0,-0
0.002198,0,-0
0.002212,0,-0
0.002226,-0,-0.2
0.00224,0,0
0.002254,8,-0.2
0.002268,0,0
0.002282,-0,0
0.002296,-0,-0
0.00231,-0,0
0.002324,-0,0
0.002338,-0,-0
0.002352,-0,0.2
0.002366,0,-0
0.00238,-0,0
0.002394,-0,0.2
0.002408,-0,-0
0.002422,-0,0.2
0.002436,-0,-0
0.00245,0,-0
0.002464,0,0
0.002478,-0,0
0.002492,-0,0
0.002506,0,0
0.00252,-0,0
0.002534,-0,-0
0.002548,-0,-0
0.002562,0,0
0.002576,0,-0.2
0.00259,-0,-0
0.002604,-0,-0
0.002618,-0,0
0.002632,8,-0
0.002646,0,-0.2
0.00266,-0,-0
0.002674,0,0.2
0.002688,0,0.2
0.002702,0,-0
0.002716,0,-0
0.00273,0,-0
0.002744,-0,0
0.002758,0,-0
0.002772,-0,-0.2
0.002786,0,0
0.0028,0,-0.2
0.002814,0,-0
0.002828,-0,-0
0.002842,-0,0
0.002856,0,0
0.00287,0,0
0.002884,0,0
0.002898,-0,-0.2
0.002912,-0,0
0.002926,-0,-0.2
0.00294,0,0
0.002954,-0,0
0.002968,-0,-0
0.002982,-0,-0
0.002996,-0,0
0.00301,0,0
0.003024,0,0
0.003038,-0,0
0.003052,-0,0
0.003066,0,0
0.00308,-8,-0
0.003094,0,-0
0.003108,0,-0
0.003122,0,0.2
0.003136,0,-0
0.00315,-0,0
0.003164,0,0
0.003178,-0,-0
0.003192,0,-0.2
0.003206,0,-0
0.00322,0,-0
0.003234,-0,0
0.003248,0,0
0.003262,-0,-0
0.003276,0,-0
0.00329,-0,-0
0.003304,0,-0
0.003318,-0,0
0.003332,-0,0
0.003346,0,-0
0.00336,-0,-0
0.003374,-0,-0.2
0.003388,0,0
0.003402,8,-0
0.003416,0,0.2
0.00343,0,0
0.003444,0,-0.2
0.003458,0,0
0.003472,-0,-0
0.003486,-0,-0
0.0035,-0,-0.2
0.003514,-0,0
0.003528,0,0.2
0.003542,0,-0
0.003556,-0,0.2
0.00357,-0,-0
0.003584,-0,-0
0.003598,-0,-0
0.003612,0,-0
0.003626,-0,0
0.00364,8,0
0.003654,-0,-0
0.003668,-0,-0.2
0.003682,-0,0.2
0.003696,-0,0
0.00371,0,0
0.003724,-0,0
0.003738,-0,0
0.003752,0,0
0.003766,-0,0
0.00378,-0,0
0.003794,0,-0
0.003808,0,-0
0.003822,8,0.2
0.003836,-0,0
0.00385,-0,0
0.003864,-0,-0
0.003878,0,-0
0.003892,-0,0
0.003906,0,-0
0.00392,-0,-0
0.003934,0,-0
0.003948,-0,0.2
0.003962,-0,-0
0.003976,-0,0
0.00399,0,-0
0.004004,-0,0.2
0.004018,0,-0
0.004032,-0,0
0.004046,-0,0
0.00406,0,0
0.004074,0,-0
0.004088,0,-0
0.004102,-0,-0
0.004116,0,0
0.00413,0,0
0.004144,0,-0
0.004158,0,0
0.004172,-0,0
0.004186,0,-0
0.0042,0,-0
0.004214,-0,0
0.004228,0,0
0.004242,-0,-0
0.004256,-0,-0
0.00427,-0,-0
0.004284,-0,-0.2
0.004298,-0,-0
0.004312,0,0
0.004326,0,-0
0.00434,0,0.2
0.004354,-0,0
0.004368,-0,-0
0.004382,0,0
0.004396,-0,0
0.00441,0,0
0.004424,-0,0
0.004438,0,-0
0.004452,-0,-0
0.004466,-0,-0
0.00448,0,0
0.004494,0,-0.2
0.004508,-0,-0.2
0.004522,-0,-0
0.004536,-8,0
0.00455,0,-0
0.004564,0,0.2
0.004578,0,0.2
0.004592,-0,0
0.004606,0,0
0.00462,-0,-0
0.004634,0,0
0.004648,-8,0
0.004662,-0,-0.2
0.004676,0,-0
0.00469,-0,-0.2
0.004704,0,-0
0.004718,-0,0
0.004732,-0,0.2
0.004746,-0,-0.2
0.00476,-0,0
0.004774,0,0
0.004788,0,-0.2
0.004802,0,-0
0.004816,0,-0.2
0.00483,-0,-0
0.004844,-0,-0
0.004858,-0,0
0.004872,-0,0
0.004886,-0,0
0.0049,0,-0
0.004914,0,0
0.004928,0,0
0.004942,0,0.2
0.004956,0,-0
0.00497,-0,-0
0.004984,0,0
0.004998,0,0
0.005012,0,0
0.005026,0,-0
0.00504,-0,0.2
0.005054,0,0.2
0.005068,-0,-0.2
0.005082,0,0
0.005096,-0,-0
0.00511,0,-0
0.005124,-0,-0
0.005138,0,-0
0.005152,0,0
0.005166,-0,-0
0.00518,-0,-0.2
0.005194,-0,-0
0.005208,-0,0
0.005222,0,0
0.005236,-0,-0
0.00525,0,0
0.005264,0,-0.2
0.005278,0,-0
0.005292,-0,-0.2
0.005306,0,-0
0.00532,0,0
0.005334,-0,0
0.005348,-0,-0
0.005362,0,-0
0.005376,0,0
0.00539,-0,-0.2
0.005404,-0,-0.2
0.005418,-0,-0
0.005432,-0,0
0.005446,-0,-0
0.00546,0,-0
0.005474,0,-0
0.005488,-0,0
0.005502,-0,-0
0.005516,-0,0
0.00553,-0,0
0.005544,-0,-0
0.005558,-0,-0
0.005572,0,0
0.005586,0,0
0.0056,-0,-0.2
0.005614,-0,-0.2
0.005628,-0,0
0.005642,-0,-0
0.005656,-0,-0
0.00567,0,0.2
0.005684,0,-0
0.005698,0,0
0.005712,0,0.2
0.005726,0,0
0.00574,0,0
0.005754,0,-0
0.005768,0,0.2
0.005782,0,-0
0.005796,0,0
0.00581,-0,-0
0.005824,-0,-0
0.005838,-0,-0
0.005852,-0,0
0.005866,0,0
0.00588,8,0
0.005894,-0,-0
0.005908,0,-0
0.005922,-0,-0
0.005936,-0,0.2
0.00595,-0,0
0.005964,0,-0
0.005978,0,-0
0.005992,0,-0
0.006006,0,0
0.00602,-0,-0
0.006034,-0,-0.2
0.006048,-0,-0
0.006062,0,0
0.006076,-0,-0
0.00609,0,0.2
0.006104,0,-0
0.006118,0,0
0.006132,0,0
0.006146,-0,0
0.00616,-0,-0
0.006174,0,-0
0.006188,-0,0
0.006202,-0,0
0.006216,0,-0.2
0.00623,-0,0
0.006244,-0,0
0.006258,-0,-0
0.006272,-0,-0
0.006286,0,0.2
0.0063,0,-0
0.006314,-0,-0
0.006328,0,0
0.006342,0,-0
0.006356,-0,-0
0.00637,-0,0
0.006384,0,0.2
0.006398,-0,0
0.006412,-0,-0
0.006426,-0,-0
0.00644,0,0
0.006454,0,-0
0.006468,-0,0
0.006482,-0,-0
0.006496,0,0
0.00651,-0,-0
0.006524,-0,0
0.006538,0,-0
0.006552,-0,-0
0.006566,0,0
0.00658,-0,-0
0.006594,0,-0
0.006608,-0,0
0.006622,-0,-0
0.006636,0,-0
0.00665,0,0
0.006664,0,-0.2
0.006678,0,0
0.006692,-0,-0
0.006706,8,7.4
0.00672,32,7.4
0.006734,56,7.4
0.006748,72,7.4
0.006762,88,7.2
0.006776,104,7.4
0.00679,120,7.2
0.006804,136,7.2
0.006818,144,7.2
0.006832,160,7.2
0.006846,168,7
0.00686,176,7.2
0.006874,184,7.4
0.006888,192,7.4
0.006902,200,7.2
0.006916,208,7.2
0.00693,216,7.2
0.006944,216,7
0.006958,224,6.8
0.006972,224,7.2
0.006986,232,7
0.007,232,7
0.007014,232,7
0.007028,240,6.8
0.007042,240,7
0.007056,248,6.8
0.00707,248,7
0.007084,248,7
0.007098,256,7
0.007112,248,6.8
0.007126,248,6.8
0.00714,256,6.8
0.007154,256,6.8
0.007168,264,6.8
0.007182,256,6.8
0.007196,264,6.8
0.00721,264,6.8
0.007224,264,6.6
0.007238,264,6.6
0.007252,264,6.6
0.007266,264,6.6
0.00728,264,6.6
0.007294,264,6.6
0.007308,264,6.8
0.007322,272,6.6
0.007336,264,6.6
0.00735,264,6.6
0.007364,264,6.4
0.007378,264,6.4
0.007392,264,6.4
0.007406,272,6.6
0.00742,264,6.4
0.007434,272,6.4
0.007448,264,6.4
0.007462,264,6.2
0.007476,272,6.4
0.00749,272,6.2
0.007504,264,6.4
0.007518,272,6.4
0.007532,264,6.2
0.007546,264,6.2
0.00756,272,6.2
0.007574,272,6
0.007588,264,6.2
0.007602,272,6.2
0.007616,272,6
0.00763,264,6.2
0.007644,272,6
0.007658,272,6
0.007672,272,6
0.007686,264,5.8
0.0077,264,6
0.007714,272,6
0.007728,272,5.8
0.007742,272,5.8
0.007756,272,5.8
0.00777,272,6
0.007784,272,5.8
0.007798,272,5.8
0.007812,272,5.8
0.007826,264,5.6
0.00784,264,5.8
0.007854,272,5.6
0.007868,272,5.8
0.007882,264,5.8
0.007896,272,6
0.00791,272,5.6
0.007924,264,5.6
0.007938,272,5.6
0.007952,272,5.6
0.007966,272,5.6
0.00798,272,5.6
0.007994,272,5.6
0.008008,272,5.6
0.008022,272,5.4
0.008036,272,5.6
0.00805,272,5.6
0.008064,264,5.4
0.008078,264,5.6
0.008092,272,5.4
0.008106,272,5.4
0.00812,272,5.4
0.008134,272,5.4
0.008148,272,5.4
0.008162,272,5.4
0.008176,272,5.4
0.00819,272,5.2
0.008204,272,5.2
0.008218,272,5.2
0.008232,272,5.2
0.008246,272,5.2
0.00826,272,5
0.008274,272,5.2
0.008288,272,5.2
0.008302,264,5.2
0.008316,272,5.2
0.00833,264,5
0.008344,272,5.2
0.008358,272,5
0.008372,272,5.2
0.008386,272,5
0.0084,272,5
0.008414,272,5
0.008428,272,5
0.008442,272,4.8
0.008456,272,4.8
0.00847,264,4.8
0.008484,272,5
0.008498,272,4.8
0.008512,272,4.8
0.008526,272,4.6
0.00854,272,4.8
0.008554,272,5
0.008568,272,4.8
0.008582,272,4.8
0.008596,272,4.6
0.00861,272,4.8
0.008624,272,4.6
0.008638,272,4.6
0.008652,272,4.6
0.008666,272,4.6
0.00868,272,4.6
0.008694,272,4.6
0.008708,272,4.6
0.008722,264,4.6
0.008736,272,4.4
0.00875,272,4.6
0.008764,272,4.4
0.008778,-64,-12
0.008792,-64,-12
0.008806,-64,-12
0.00882,-8,0
0.008834,8,-0.2
0.008848,0,-0
0.008862,-0,0.2
0.008876,-0,0
0.00889,-0,0
0.008904,0,-0.2
0.008918,0,-0
0.008932,0,-0
0.008946,-0,-0
0.00896,0,-0
0.008974,0,0
0.008988,-0,-0
0.009002,0,-0
0.009016,-0,0
0.00903,-0,-0
0.009044,0,0.2
0.009058,-0,-0
0.009072,-0,-0
0.009086,-0,0.2
0.0091,-0,-0
0.009114,0,0
0.009128,0,-0
0.009142,-0,-0
0.009156,-0,-0.2
0.00917,-0,0.2
0.009184,0,0
0.009198,0,0.2
0.009212,0,-0.2
0.009226,0,-0
0.00924,0,-0.2
0.009254,-0,-0
0.009268,0,0
0.009282,0,-0
0.009296,-0,-0
0.00931,-0,-0
0.009324,0,0
0.009338,0,-0
0.009352,-0,-0.2
0.009366,-0,0
0.00938,-8,0
0.009394,0,0
0.009408,0,0.2
0.009422,0,-0
0.009436,-0,-0
0.00945,0,0
0.009464,0,0.2
0.009478,-0,-0
0.009492,-0,-0
0.009506,-0,0
0.00952,-0,0
0.009534,0,-0.2
0.009548,0,0
0.009562,-0,0
0.009576,0,0
0.00959,-0,0
0.009604,-0,-0.2
0.009618,-0,0
0.009632,0,0
0.009646,-0,0
0.00966,0,-0.2
0.009674,-0,-0
0.009688,-0,0
0.009702,-0,-0
0.009716,-0,-0.4
0.00973,-0,-0
0.009744,0,-0
0.009758,0,-0
0.009772,-0,-0
0.009786,-0,-0.2
0.0098,-0,0
0.009814,-0,-0
0.009828,-0,0
0.009842,0,0
0.009856,0,-0
0.00987,0,0.2
0.009884,-0,0
0.009898,0,0.2
0.009912,-0,0
0.009926,0,0
0.00994,-0,0
0.009954,0,0
0.009968,0,-0
0.009982,0,-0
0.009996,-0,-0
0.01001,-0,-0.2
0.010024,-0,0
0.010038,-8,0
0.010052,-0,-0
0.010066,0,-0
0.01008,-0,-0
0.010094,-0,0
0.010108,-0,0.2
0.010122,-8,-0
0.010136,-0,0
0.01015,0,-0
0.010164,-0,0
0.010178,0,0
0.010192,0,0
0.010206,-0,-0
0.01022,0,0
0.010234,-0,0
0.010248,0,-0.2
0.010262,0,0.2
0.010276,-0,-0
0.01029,0,-0
0.010304,-0,0.2
0.010318,-0,-0
0.010332,-0,0
0.010346,-0,0
0.01036,-0,-0
0.010374,-0,0
0.010388,-0,-0.2
0.010402,-0,0
0.010416,-0,0.2
0.01043,-0,0
0.010444,0,0
0.010458,-0,-0
0.010472,0,-0.2
0.010486,0,-0
0.0105,-0,0.2
0.010514,-0,-0
0.010528,0,-0
0.010542,0,-0.2
0.010556,0,-0
0.01057,0,0.2
0.010584,-0,0
0.010598,0,-0
0.010612,0,0
0.010626,-0,0
0.01064,0,0.2
0.010654,0,0
0.010668,-0,0
0.010682,0,0
0.010696,0,-0
0.01071,-0,0
0.010724,-0,0
0.010738,-0,-0.2
0.010752,0,0.2
0.010766,-0,0
0.01078,-0,-0
0.010794,-0,0
0.010808,0,-0
0.010822,-0,-0.2
0.010836,0,-0
0.01085,-0,-0.2
0.010864,-0,0
0.010878,-0,0
0.010892,0,0
0.010906,-0,0
0.01092,0,-0
0.010934,0,0.2
0.010948,-0,-0
0.010962,0,0.2
0.010976,-0,-0
0.01099,0,-0.2
0.011004,0,0
0.011018,-0,0
0.011032,0,-0
0.011046,0,-0
0.01106,-0,-0.2
0.011074,8,0
0.011088,-0,0
0.011102,0,-0
0.011116,0,0.2
0.01113,0,-0.2
0.011144,-0,0.2
0.011158,-0,0
0.011172,-0,0
0.011186,-0,-0
0.0112,-0,-0
0.011214,-0,-0
0.011228,-0,0
0.011242,-0,-0
0.011256,-0,-0
0.01127,0,0.2
0.011284,-0,0
0.011298,-0,0.2
0.011312,-0,-0
0.011326,-0,-0.2
0.01134,0,0
0.011354,-0,-0
0.011368,-0,0.2
0.011382,0,-0
0.011396,-0,0
0.01141,-0,-0
0.011424,0,0
0.011438,0,-0
0.011452,-0,-0.2
0.011466,0,0.2
0.01148,0,-0
0.011494,-0,-0
0.011508,0,0.2
0.011522,0,0
0.011536,0,0
0.01155,0,-0
0.011564,-0,0
0.011578,-0,0
0.011592,0,-0
0.011606,0,0
0.01162,-0,0
0.011634,0,0
0.011648,-0,0
0.011662,0,0
0.011676,0,0.2
0.01169,0,-0
0.011704,0,0
0.011718,0,-0
0.011732,0,0.2
0.011746,8,0.2
0.01176,0,-0
0.011774,-0,0
0.011788,-0,-0
0.011802,-0,0
0.011816,0,-0
0.01183,-0,0
0.011844,-0,0.2
0.011858,-0,-0
0.011872,0,-0
0.011886,-0,-0
0.0119,-0,-0
0.011914,0,-0
0.011928,-0,0
0.011942,-0,0.2
0.011956,-0,-0.2
0.01197,0,-0.2
0.011984,-0,-0
0.011998,0,-0
0.012012,0,0
0.012026,-0,0
0.01204,0,-0.2
0.012054,8,0
0.012068,0,0
0.012082,0,0
0.012096,-8,-0
0.01211,0,-0.2
0.012124,0,0.2
0.012138,0,-0
0.012152,0,0
0.012166,8,0
0.01218,-0,0
0.012194,-0,-0
0.012208,-0,-0
0.012222,-0,0.2
0.012236,0,0
0.01225,-0,0
0.012264,0,0
0.012278,0,0
0.012292,-0,0
0.012306,0,-0
0.01232,-0,-0
0.012334,0,0.2
0.012348,-0,-0
0.012362,0,0
0.012376,0,0
0.01239,-0,0
0.012404,-0,0
0.012418,-0,-0.2
0.012432,0,-0
0.012446,0,-0
0.01246,-8,0.2
0.012474,-0,0
0.012488,-0,0
0.012502,-0,-0
0.012516,-0,0
0.01253,-0,0
0.012544,-0,-0
0.012558,-0,0
0.012572,-0,-0.2
0.012586,0,-0.2
0.0126,0,-0
0.012614,0,-0
0.012628,-0,0
0.012642,-0,-0
0.012656,-0,-0
0.01267,0,0
0.012684,0,0
0.012698,-0,0
0.012712,-0,0
0.012726,-0,-0
0.01274,-0,-0
0.012754,0,0
0.012768,-0,0
0.012782,-0,0
0.012796,-0,0
0.01281,-0,0
0.012824,0,0
0.012838,-0,0
0.012852,0,0
0.012866,-0,-0
0.01288,-0,0
0.012894,0,0
0.012908,-0,-0
0.012922,0,0.2
0.012936,-0,0
0.01295,0,-0
0.012964,-0,0
0.012978,-0,0.2
0.012992,-0,0.2
0.013006,0,-0
0.01302,0,0
0.013034,-0,-0
0.013048,0,-0
0.013062,0,-0
0.013076,-0,0
0.01309,8,-0
0.013104,0,-0
0.013118,-0,0
0.013132,-0,0
0.013146,-0,0
0.01316,0,0.2
0.013174,0,0.2
0.013188,-0,-0
0.013202,0,-0.2
0.013216,0,-0
0.01323,0,-0
0.013244,0,-0.2
0.013258,-0,-0
0.013272,0,-0
0.013286,-0,-0
0.0133,-0,-0
0.013314,0,-0
0.013328,-0,0
0.013342,-0,0
0.013356,0,0
0.01337,8,7.6
0.013384,32,7.4
0.013398,48,7.4
0.013412,72,7.4
0.013426,88,7.4
0.01344,104,7.4
0.013454,120,7.4
0.013468,136,7.4
0.013482,144,7.4
0.013496,160,7.4
0.01351,160,7.2
0.013524,176,7.2
0.013538,184,7
0.013552,192,7.2
0.013566,200,7.2
0.01358,200,7.2
0.013594,208,7.2
0.013608,216,7.2
0.013622,216,7
0.013636,224,7.2
0.01365,224,7
0.013664,232,7
0.013678,232,7
0.013692,240,7
0.013706,240,7
0.01372,240,7
0.013734,248,7
0.013748,248,7
0.013762,256,6.8
0.013776,256,6.8
0.01379,248,6.8
0.013804,256,6.8
0.013818,256,6.6
0.013832,256,6.8
0.013846,256,6.6
0.01386,256,6.8
0.013874,256,6.8
0.013888,264,6.6
0.013902,264,6.6
0.013916,264,6.6
0.01393,264,6.6
0.013944,264,6.6
0.013958,264,6.6
0.013972,264,6.6
0.013986,264,6.6
0.014,272,6.4
